,ibns_20u,vgs_m1,name,type,time,OK
0,20.5422,0.673817,SchGtKssThVt,Sch,Sat May  2 18:23:11 2026,True
1,20.7062,0.613731,SchGtKffThVt,Sch,Sat May  2 18:23:11 2026,True
2,20.727800000000002,0.603732,SchGtKsfThVt,Sch,Sat May  2 18:23:11 2026,True
3,20.5186,0.683829,SchGtKfsThVt,Sch,Sat May  2 18:23:11 2026,True
4,20.494300000000003,0.748052,SchGtKssTlVt,Sch,Sat May  2 18:23:12 2026,True
5,20.656799999999997,0.695335,SchGtKffTlVt,Sch,Sat May  2 18:23:12 2026,True
6,20.6813,0.685389,SchGtKsfTlVt,Sch,Sat May  2 18:23:12 2026,True
7,20.4689,0.757969,SchGtKfsTlVt,Sch,Sat May  2 18:23:12 2026,True
